<addon id="repository.icymi"
       name="ICYMI Repository"
       version="1.0.0"
       provider-name="ashcan57">
    <extension point="xbmc.addon.repository"
               name="ICYMI Repository">
        <info compressed="false">https://ashcan57.github.io/icymi/addons.xml</info>
        <checksum>https://ashcan57.github.io/icymi/addons.xml.md5</checksum>
        <datadir zip="true">https://github.com/ashcan57/icymi/releases/download/v1.0.0/</datadir>
    </extension>
    <extension point="xbmc.addon.metadata">
        <summary>ICYMI repository by ashcan57</summary>
        <description>Hosts plugin.program.icymi add-on.</description>
        <platform>all</platform>
    </extension>
</addon>


