<addon id="plugin.program.icymi"
       name="ICYMI"
       version="1.0.0"
       provider-name="ashcan57">
    <extension point="xbmc.python.pluginsource"
               library="default.py">
        <provides>executable</provides>
    </extension>
    <extension point="xbmc.addon.metadata">
        <summary>ICYMI add-on</summary>
        <description>ICYMI program add-on by ashcan57.</description>
        <platform>all</platform>
    </extension>
</addon>
<addon id="plugin.program.icymi"
       name="ICYMI"
       version="1.0.0"
       provider-name="ashcan57">
    <extension point="xbmc.python.pluginsource"
               library="default.py">
        <provides>executable</provides>
    </extension>
    <extension point="xbmc.addon.metadata">
        <summary>ICYMI add-on</summary>
        <description>ICYMI program add-on by ashcan57.</description>
        <platform>all</platform>
        <size>247000000</size>
        <source>https://github.com/ashcan57/icymi/releases/download/v1.0.0/dab21.zip</source>
    </extension>
</addon>


