<?xml version="1.0" encoding="UTF-8" standalone="yes"?>
<addon id="script.install.dab19"
       name="DAB19 Installer"
       version="1.0.0"
       provider-name="ashcan57"
       type="script"
       extension-point="xbmc.python.script">

    <requires>
        <import addon="xbmc.python" version="3.0.0"/>
    </requires>

    <extension point="xbmc.python.script" library="default.py">
        <provides>executable</provides>
    </extension>

    <extension point="xbmc.addon.metadata">
        <summary>Downloads and installs the DAB19 build from Dropbox.</summary>
        <description>
            When run, this script pulls the dab19.zip file from a Dropbox link,
            extracts its userdata and add‑on files into the correct Kodi folders,
            and then restarts Kodi so the new add‑on becomes active.
        </description>
        <platform>all</platform>
        <icon>icon.png</icon>
    </extension>
</addon>